id,name,town,existing_category,existing_subcategory,gazette_category,gazette_mapped_category
36,"Orange Peel Bakery","Aquinnah","Restaurants, Food & Beverages","Bakeries","Restaurants","Restaurants"
41,"Chilmark General Store","Chilmark","Shopping & Specialty Retail","Gift Shops","Restaurants","Restaurants"
45,"Menemsha Gallery","Chilmark","Arts & Entertainment","Art Galleries","Restaurants","Restaurants"
60,"Bad Martha Beer","Edgartown","Restaurants, Food & Beverages","Wineries & Breweries","Restaurants","Restaurants"
68,"Blackbird Cafe","Edgartown","Restaurants, Food & Beverages","Cafes","Restaurants","Restaurants"
74,"Cozy Corner Cafe","Edgartown","Restaurants, Food & Beverages","Cafes","Restaurants","Restaurants"
83,"Edgartown Meat & Fish","Edgartown","Restaurants, Food & Beverages","Fish Markets","Restaurants","Restaurants"
87,"Espresso Love","Edgartown","Restaurants, Food & Beverages","Coffee Shops","Restaurants","Restaurants"
89,"Great Harbor Market","Edgartown","Shopping & Specialty Retail","Gift Shops","Restaurants","Restaurants"
91,"Katama General Store","Edgartown","Restaurants, Food & Beverages","Grocery Stores","Restaurants","Restaurants"
100,"Morning Glory Farm","Edgartown","Restaurants, Food & Beverages","Farms","Restaurants","Restaurants"
105,"Rockfish","Edgartown","Restaurants, Food & Beverages","Fish Markets","Restaurants","Restaurants"
109,"The Seafood Shanty","Edgartown","Restaurants, Food & Beverages","Food Trucks","Restaurants","Restaurants"
119,"Winnetu Oceanside Resort","Edgartown","Lodging & Tourism","Inns","Restaurants","Restaurants"
125,"The Wharf Pub Edgartown","Edgartown","Restaurants, Food & Beverages","Bars & Pubs","Restaurants","Restaurants"
129,"Aalias Coffee","Oak Bluffs","Restaurants, Food & Beverages","Coffee Shops","Restaurants","Restaurants"
148,"Farm Neck Cafe","Oak Bluffs","Restaurants, Food & Beverages","Cafes","Restaurants","Restaurants"
150,"Fat Ronnie's Burger Bar","Oak Bluffs","Restaurants, Food & Beverages","Bars & Pubs","Restaurants","Restaurants"
152,"Fishbones Bar & Grille","Oak Bluffs","Restaurants, Food & Beverages","Fish Markets","Restaurants","Restaurants"
156,"Island Grown Initiative Food Pantry","Oak Bluffs","Family, Community & Government","Community Organizations","Restaurants","Restaurants"
162,"Lookout Tavern","Oak Bluffs","Restaurants, Food & Beverages","Bars & Pubs","Restaurants","Restaurants"
174,"The Barn Bowl & Bistro","Oak Bluffs","Restaurants, Food & Beverages","Bars & Pubs","Restaurants","Restaurants"
177,"The Ritz Cafe","Oak Bluffs","Restaurants, Food & Beverages","Cafes","Restaurants","Restaurants"
181,"Tony's Market","Oak Bluffs","Shopping & Specialty Retail","Gift Shops","Restaurants","Restaurants"
185,"7a Foods Martha's Vineyard","West Tisbury","Restaurants, Food & Beverages","Food Trucks","Restaurants","Restaurants"
1,"The Black Dog Tavern Company","Vineyard Haven","Restaurants, Food & Beverages","Bars & Pubs","Restaurants","Restaurants"
198,"Catboat Coffee Co.","Vineyard Haven","Restaurants, Food & Beverages","Coffee Shops","Restaurants","Restaurants"
217,"Authentic Italian Food","Vineyard Haven","Restaurants, Food & Beverages","Food Trucks","Restaurants","Restaurants"
219,"Scottish Bakehouse","Vineyard Haven","Restaurants, Food & Beverages","Bakeries","Restaurants","Restaurants"
225,"Waterside Market","Vineyard Haven","Restaurants, Food & Beverages","Grocery Stores","Restaurants","Restaurants"
229,"Allen Farm Sheep & Wool Company","Chilmark","Shopping & Specialty Retail","Gift Shops","Farm Market & Stands","Farms"
231,"Native Earth Teaching Farm","West Tisbury","Family, Community & Government","Community Organizations","Farm Market & Stands","Farms"
239,"Cronigs Market","Vineyard Haven","Shopping & Specialty Retail","Gift Shops","Grocery Stores","Grocery Stores"
244,"The Reliable Market","Oak Bluffs","Shopping & Specialty Retail","Gift Shops","Grocery Stores","Grocery Stores"
249,"Vineyard Grocer","Vineyard Haven","Shopping & Specialty Retail","Specialty Foods","Grocery Stores","Grocery Stores"
251,"Edgartown Seafood Fish Market","Edgartown","Shopping & Specialty Retail","Art Supplies","Fish Markets","Fish Markets"
257,"The Net Result","Vineyard Haven","Shopping & Specialty Retail","Gift Shops","Fish Markets","Fish Markets"
276,"51art Gallery Located at the Shoppe With the Red Door","Vineyard Haven","Shopping & Specialty Retail","Art Supplies","Arts & Culture","Arts & Culture"
278,"Alison Shaw Photography","Oak Bluffs","Arts & Entertainment","Photographers","Arts & Culture","Arts & Culture"
280,"Blanchard Photography","West Tisbury","Arts & Entertainment","Photographers","Arts & Culture","Arts & Culture"
284,"Edgartown Fire Department","Edgartown","Family, Community & Government","Town Government","Arts & Culture","Arts & Culture"
286,"Eisenhauer Gallery","Edgartown","Arts & Entertainment","Art Galleries","Arts & Culture","Arts & Culture"
288,"Featherstone Center for the Arts","Oak Bluffs","Arts & Entertainment","Art Galleries","Arts & Culture","Arts & Culture"
290,"Field Gallery","West Tisbury","Arts & Entertainment","Art Galleries","Arts & Culture","Arts & Culture"
7,"Granary Gallery","West Tisbury","Arts & Entertainment","Art Galleries","Arts & Culture","Arts & Culture"
293,"Island Folk Pottery","Chilmark","Arts & Entertainment","Entertainment Services","Arts & Culture","Arts & Culture"
295,"Louisa Gould Gallery","Vineyard Haven","Arts & Entertainment","Art Galleries","Arts & Culture","Arts & Culture"
297,"MV Glassworks","West Tisbury","Arts & Entertainment","Entertainment Services","Arts & Culture","Arts & Culture"
8,"Martha's Vineyard Film Festival","Vineyard Haven","Arts & Entertainment","Art Galleries","Arts & Culture","Arts & Culture"
304,"Merry Farm Pottery","West Tisbury","Arts & Entertainment","Entertainment Services","Arts & Culture","Arts & Culture"
308,"Moore Family Gallery","Oak Bluffs","Arts & Entertainment","Art Galleries","Arts & Culture","Arts & Culture"
312,"North Water Gallery","West Tisbury","Restaurants, Food & Beverages","Restaurants","Arts & Culture","Arts & Culture"
314,"Pathways Arts","Chilmark","Family, Community & Government","Community Organizations","Arts & Culture","Arts & Culture"
316,"Seastone Papers","West Tisbury","Restaurants, Food & Beverages","Restaurants","Arts & Culture","Arts & Culture"
318,"Strand Theatre MV","Oak Bluffs","Restaurants, Food & Beverages","Restaurants","Arts & Culture","Arts & Culture"
320,"Vineyard Preservation Trust","Edgartown","Restaurants, Food & Beverages","Restaurants","Arts & Culture","Arts & Culture"
322,"The Christina Gallery","Edgartown","Restaurants, Food & Beverages","Restaurants","Arts & Culture","Arts & Culture"
324,"Peter Simon Photography","Chilmark","Restaurants, Food & Beverages","Restaurants","Arts & Culture","Arts & Culture"
329,"The Yard","Chilmark","Restaurants, Food & Beverages","Restaurants","Arts & Culture","Arts & Culture"
331,"Tuck & Holand Metal Sculptors","Vineyard Haven","Restaurants, Food & Beverages","Restaurants","Arts & Culture","Arts & Culture"
333,"Vineyard Arts Project","Edgartown","Restaurants, Food & Beverages","Restaurants","Arts & Culture","Arts & Culture"
335,"Washington Ledesma","Edgartown","Restaurants, Food & Beverages","Restaurants","Arts & Culture","Arts & Culture"
337,"Winter Street Gallery","Edgartown","Restaurants, Food & Beverages","Restaurants","Arts & Culture","Arts & Culture"
339,"Edgartown Golf Club Martha's Vineyard","Edgartown","Restaurants, Food & Beverages","Restaurants","Outdoor Activities","Outdoor Activities"
340,"Felix Neck Wildlife Sanctuary","Vineyard Haven","Restaurants, Food & Beverages","Restaurants","Outdoor Activities","Outdoor Activities"
342,"Mink Meadows Golf Club","Vineyard Haven","Restaurants, Food & Beverages","Restaurants","Outdoor Activities","Outdoor Activities"
343,"The Polly Hill Arboretum","West Tisbury","Restaurants, Food & Beverages","Restaurants","Outdoor Activities","Outdoor Activities"
345,"Royal Chappy Golf","Edgartown","Restaurants, Food & Beverages","Restaurants","Outdoor Activities","Outdoor Activities"
346,"Vineyard Golf Club","Edgartown","Restaurants, Food & Beverages","Restaurants","Outdoor Activities","Outdoor Activities"
347,"The Martha's Vineyard Groups of Alcoholics Anonymous","Edgartown","Restaurants, Food & Beverages","Restaurants","Self Help Meetings","Community Organizations"
353,"B Strong","Oak Bluffs","Beauty & Wellness","Spas","Health & Wellness","Health & Wellness"
357,"Optometrist in Harvard Square","Vineyard Haven","Beauty & Wellness","Spas","Health & Wellness","Health & Wellness"
359,"Hot Yoga MV","Vineyard Haven","Beauty & Wellness","Yoga Studios","Health & Wellness","Health & Wellness"
361,"Allyson Cook Metell, Lmt & Associates","Vineyard Haven","Beauty & Wellness","Spas","Health & Wellness","Health & Wellness"
5,"The Mansion House","Vineyard Haven","Lodging & Tourism","Hotels","Health & Wellness","Health & Wellness"
364,"Megan Grennan Yoga","West Tisbury","Beauty & Wellness","Yoga Studios","Health & Wellness","Health & Wellness"
365,"Peakedhillstudio","Chilmark","Beauty & Wellness","Spas","Health & Wellness","Health & Wellness"
367,"Vcmpt","Edgartown","Beauty & Wellness","Spas","Health & Wellness","Health & Wellness"
370,"Vineyard Medical Care","Vineyard Haven","Medical Services & Providers","Physicians","Health & Wellness","Health & Wellness"
372,"Vineyard Vinyasa","Oak Bluffs","Beauty & Wellness","Spas","Health & Wellness","Health & Wellness"
374,"Ymca of Martha's Vineyard","Vineyard Haven","Beauty & Wellness","Spas","Health & Wellness","Health & Wellness"
375,"Marthas Vineyard Yoga Barn","West Tisbury","Restaurants, Food & Beverages","Bars & Pubs","Health & Wellness","Health & Wellness"
376,"Edgartown Martha's Vineyard Hot Yoga Studio/yoga on the Vine","Edgartown","Beauty & Wellness","Yoga Studios","Health & Wellness","Health & Wellness"
381,"Dockside Inn","Oak Bluffs","Lodging & Tourism","Inns","Lodging","Hotels"
395,"The Harborside Inn","Edgartown","Lodging & Tourism","Inns","Lodging","Hotels"
406,"Madisoninn","Oak Bluffs","Lodging & Tourism","Inns","Lodging","Hotels"
410,"Menemsha Inn & Cottages: Martha's Vineyard Vacation Rentals","Chilmark","Lodging & Tourism","Inns","Lodging","Hotels"
423,"The Beach Front Inn of Martha's Vineyard","Oak Bluffs","Lodging & Tourism","Inns","Lodging","Hotels"
425,"Captain Flanders Inn","Chilmark","Lodging & Tourism","Inns","Lodging","Hotels"
427,"The Charlotte Inn","Edgartown","Lodging & Tourism","Inns","Lodging","Hotels"
431,"Duck Inn","Aquinnah","Lodging & Tourism","Inns","Lodging","Hotels"
435,"Vacasa.com/usa/the-island-inn","Vineyard Haven","Lodging & Tourism","Inns","Lodging","Hotels"
437,"Lightkeepers Inn","Edgartown","Lodging & Tourism","Inns","Lodging","Hotels"
441,"Oak Bluffs Inn","Oak Bluffs","Lodging & Tourism","Inns","Lodging","Hotels"
453,"Find Your Island Ride","Vineyard Haven","Lodging & Tourism","Hotels","Transportation","Transportation"
470,"Brickman's","Vineyard Haven","Shopping & Specialty Retail","Gift Shops","General Business Information","General Business"
6,"Bunch of Grapes Bookstore","Vineyard Haven","Shopping & Specialty Retail","Book Stores","General Business Information","General Business"
476,"Cape Cod Five","Vineyard Haven","Business & Professional Services","Attorneys","General Business Information","General Business"
487,"Claudia Jewelry","Edgartown","Shopping & Specialty Retail","Jewelry Stores","General Business Information","General Business"
491,"Conrado®","Vineyard Haven","Shopping & Specialty Retail","Gift Shops","General Business Information","General Business"
496,"Darosa's","Vineyard Haven","Restaurants, Food & Beverages","Restaurants","General Business Information","General Business"
499,"Divine Beauty + Wellness","Edgartown","Beauty & Wellness","Spas","General Business Information","General Business"
503,"E. C. Cottle, Inc.","Edgartown","Shopping & Specialty Retail","Gift Shops","General Business Information","General Business"
512,"Edgartown Council on Aging","Edgartown","Family, Community & Government","Town Government","General Business Information","General Business"
518,"Edgartown Paint Shoppe","Edgartown","Shopping & Specialty Retail","Art Supplies","General Business Information","General Business"
520,"Fine Fettle Dispensary","Edgartown","Shopping & Specialty Retail","Gift Shops","General Business Information","General Business"
523,"Good Dog Goods","Vineyard Haven","Shopping & Specialty Retail","Gift Shops","General Business Information","General Business"
525,"Granite Five & Ten","Edgartown","Shopping & Specialty Retail","Gift Shops","General Business Information","General Business"
534,"Islandalpaca","Vineyard Haven","Shopping & Specialty Retail","Gift Shops","General Business Information","General Business"
687,"Kin MV","Edgartown","Shopping & Specialty Retail","Gift Shops","General Business Information","General Business"
671,"Lani Beach Club","Vineyard Haven","Building & Construction","General Contractors","General Business Information","General Business"
549,"Larry's Tackle Shop","Edgartown","Shopping & Specialty Retail","Gift Shops","General Business Information","General Business"
551,"Lazy Frog","Oak Bluffs","Shopping & Specialty Retail","Gift Shops","General Business Information","General Business"
553,"Leroux Kitchen","Vineyard Haven","Shopping & Specialty Retail","Gift Shops","General Business Information","General Business"
555,"Technical Apparel + Athletic Shoes","Vineyard Haven","Shopping & Specialty Retail","Clothing & Apparel","General Business Information","General Business"
696,"Mardell's Gifts & Jewelry","Vineyard Haven","Shopping & Specialty Retail","Jewelry Stores","General Business Information","General Business"
561,"Martha's Bike","Vineyard Haven","Lodging & Tourism","Hotels","General Business Information","General Business"
565,"Martha's Vineyard Made","West Tisbury","Shopping & Specialty Retail","Art Supplies","General Business Information","General Business"
583,"North Line Shell","Edgartown","Shopping & Specialty Retail","Gift Shops","General Business Information","General Business"
694,"Off Main","Vineyard Haven","Shopping & Specialty Retail","Gift Shops","General Business Information","General Business"
691,"Olive Branch Fair Trade","Vineyard Haven","Shopping & Specialty Retail","Gift Shops","General Business Information","General Business"
672,"Rainy Day","Vineyard Haven","Building & Construction","General Contractors","General Business Information","General Business"
597,"Revive by Sarka","Edgartown","Beauty & Wellness","Spas","General Business Information","General Business"
603,"Sanctuary Martha's Vineyard","Oak Bluffs","Shopping & Specialty Retail","Art Supplies","General Business Information","General Business"
606,"Sea Bags","Vineyard Haven","Shopping & Specialty Retail","Gift Shops","General Business Information","General Business"
610,"Sea Spa Salon","Edgartown","Beauty & Wellness","Spas","General Business Information","General Business"
616,"Slate","Edgartown","Shopping & Specialty Retail","Gift Shops","General Business Information","General Business"
620,"Soft As a Grape","Vineyard Haven","Shopping & Specialty Retail","Gift Shops","General Business Information","General Business"
625,"Spa L'eau MV","Edgartown","Beauty & Wellness","Spas","General Business Information","General Business"
626,"Stefanie Wolf Designs Artisan Jewelry From Martha's Vineyard","Oak Bluffs","Shopping & Specialty Retail","Jewelry Stores","General Business Information","General Business"
689,"Stony Creek Gifts","Aquinnah","Shopping & Specialty Retail","Gift Shops","General Business Information","General Business"
633,"Tashmoo Insurance Agency","Vineyard Haven","Business & Professional Services","Attorneys","General Business Information","General Business"
686,"Tending Joy Artisan Shop","Chilmark","Shopping & Specialty Retail","Art Supplies","General Business Information","General Business"
637,"Boneyard Surf Co","Oak Bluffs","Shopping & Specialty Retail","Gift Shops","General Business Information","General Business"
652,"Vineyard Decorators","Vineyard Haven","Shopping & Specialty Retail","Gift Shops","General Business Information","General Business"
656,"Vineyard Hearth Patio & Spa","West Tisbury","Shopping & Specialty Retail","Art Supplies","General Business Information","General Business"
660,"Vineyard Vines","Vineyard Haven","Shopping & Specialty Retail","Gift Shops","General Business Information","General Business"