url,page_type,status_code,title,canonical_url,notes
https://www.anythingitechmv.com/,homepage,200,"Anything iTech Martha&#039;s Vineyard &#8211; We make your emergency, ours&#8230;",https://www.anythingitechmv.com/,""
https://www.anythingitechmv.com/services/,service-index,200,"Services &#8211; Anything iTech Martha&#039;s Vineyard",https://www.anythingitechmv.com/services/,""
https://www.anythingitechmv.com/iphone-repair/,service-page,200,"iPhone Repair Services &#8211; Anything iTech Martha&#039;s Vineyard",https://www.anythingitechmv.com/iphone-repair/,""
https://www.anythingitechmv.com/mac-repair-services/,service-page,200,"Mac Repair &#038; Services &#8211; Anything iTech Martha&#039;s Vineyard",https://www.anythingitechmv.com/mac-repair-services/,""
https://www.anythingitechmv.com/network-services-2/,service-page,200,"Network Services &#8211; Anything iTech Martha&#039;s Vineyard",https://www.anythingitechmv.com/network-services-2/,""
https://www.anythingitechmv.com/network-services/,team-page,200,"The Team &#8211; Anything iTech Martha&#039;s Vineyard",https://www.anythingitechmv.com/network-services/,""
https://www.anythingitechmv.com/happy-clients/,info-page,200,"Happy Clients &#8211; Anything iTech Martha&#039;s Vineyard",https://www.anythingitechmv.com/happy-clients/,""
https://www.anythingitechmv.com/about-us/,info-page,200,"About Us &#8211; Anything iTech Martha&#039;s Vineyard",https://www.anythingitechmv.com/about-us/,""
https://www.anythingitechmv.com/remote-support/,info-page,200,"Remote Support &#8211; Anything iTech Martha&#039;s Vineyard",https://www.anythingitechmv.com/remote-support/,""
https://www.anythingitechmv.com/tech-tips/,blog-index,200,"Tech Tips &#8211; Anything iTech Martha&#039;s Vineyard",,""
https://www.anythingitechmv.com/contact/,info-page,200,"Contact &#8211; Anything iTech Martha&#039;s Vineyard",https://www.anythingitechmv.com/contact/,""
https://www.anythingitechmv.com/why-i-built-is-the-ferry-running/,blog-post,200,"Why I Built Is the Ferry Running? &#8211; Anything iTech Martha&#039;s Vineyard",https://www.anythingitechmv.com/why-i-built-is-the-ferry-running/,""
https://www.anythingitechmv.com/wi-fi-coverage-for-large-properties/,blog-post,200,"How to Get Strong Wi-Fi Coverage Across Large Martha’s Vineyard Properties &#8211; Anything iTech Martha&#039;s Vineyard",https://www.anythingitechmv.com/wi-fi-coverage-for-large-properties/,""
https://www.anythingitechmv.com/office-wireless-network-installation/,blog-post,200,"The Ultimate Guide to Choosing the Right Wireless Network for Your Office &#8211; Anything iTech Martha&#039;s Vineyard",https://www.anythingitechmv.com/office-wireless-network-installation/,""
https://www.anythingitechmv.com/professional-wireless-network-installation/,blog-post,200,"Why Professional Wireless Network Installation Beats DIY Setups Every Time &#8211; Anything iTech Martha&#039;s Vineyard",https://www.anythingitechmv.com/professional-wireless-network-installation/,""
https://www.anythingitechmv.com/future-proof-luxury-wireless-network-marthas-vineyard/,blog-post,200,"How to Future-Proof Your Home’s Wireless Network for Smart Home Technology &#8211; Anything iTech Martha&#039;s Vineyard",https://www.anythingitechmv.com/future-proof-luxury-wireless-network-marthas-vineyard/,""
https://www.anythingitechmv.com/luxury-home-wireless-network-marthas-vineyard/,blog-post,200,"Why Your High-End Martha’s Vineyard Home Needs a Cutting-Edge Wireless Network &#8211; Anything iTech Martha&#039;s Vineyard",https://www.anythingitechmv.com/luxury-home-wireless-network-marthas-vineyard/,""
https://www.anythingitechmv.com/marthas-vineyard-network-installations/,blog-post,200,"Uncover the Most Powerful WiFi Network Solutions on Martha&#8217;s Vineyard! &#8211; Anything iTech Martha&#039;s Vineyard",https://www.anythingitechmv.com/marthas-vineyard-network-installations/,""
https://www.anythingitechmv.com/common-quick-fixes/,blog-post,200,"Common quick fixes &#8211; Anything iTech Martha&#039;s Vineyard",https://www.anythingitechmv.com/common-quick-fixes/,""
https://www.anythingitechmv.com/something-broken-iphone-ya-gonna-call-louis-hall/,blog-post,200,"Something Broken in Your iPhone, Who Ya Gonna Call? Louis Hall &#8211; Anything iTech Martha&#039;s Vineyard",https://www.anythingitechmv.com/something-broken-iphone-ya-gonna-call-louis-hall/,""
https://www.anythingitechmv.com/malicious-ios-popups/,blog-post,200,"Malicious iOS Popups &#8211; Anything iTech Martha&#039;s Vineyard",https://www.anythingitechmv.com/malicious-ios-popups/,""
https://www.anythingitechmv.com/anything-apple-jingle/,blog-post,200,"Anything Apple Jingle &#8211; Anything iTech Martha&#039;s Vineyard",https://www.anythingitechmv.com/anything-apple-jingle/,""
https://www.anythingitechmv.com/weekly-tip-start-taking-advantage-cloud/,blog-post,200,"Weekly Tip: Start taking advantage of the cloud! &#8211; Anything iTech Martha&#039;s Vineyard",https://www.anythingitechmv.com/weekly-tip-start-taking-advantage-cloud/,""
https://www.anythingitechmv.com/year-louis-hall-anything-apple-marthas-vineyard/,blog-post,200,"Here All Year: Louis Hall of Anything Apple Martha&#8217;s Vineyard &#8211; Anything iTech Martha&#039;s Vineyard",https://www.anythingitechmv.com/year-louis-hall-anything-apple-marthas-vineyard/,""
https://www.anythingitechmv.com/the-end-of-an-era/,blog-post,200,"The End of an Era &#8211; Anything iTech Martha&#039;s Vineyard",https://www.anythingitechmv.com/the-end-of-an-era/,""
https://www.anythingitechmv.com/2026/01/,date-archive,200,"January 2026 &#8211; Anything iTech Martha&#039;s Vineyard",,""
https://www.anythingitechmv.com/2024/10/,date-archive,200,"October 2024 &#8211; Anything iTech Martha&#039;s Vineyard",,""
https://www.anythingitechmv.com/2018/02/,date-archive,200,"February 2018 &#8211; Anything iTech Martha&#039;s Vineyard",,""
https://www.anythingitechmv.com/2017/06/,date-archive,200,"June 2017 &#8211; Anything iTech Martha&#039;s Vineyard",,""
https://www.anythingitechmv.com/2017/05/,date-archive,200,"May 2017 &#8211; Anything iTech Martha&#039;s Vineyard",,""
https://www.anythingitechmv.com/author/louis/,author-archive,200,"Louis Hall &#8211; Anything iTech Martha&#039;s Vineyard",,""
https://www.anythingitechmv.com/author/louis/page/2/,author-archive,200,"Louis Hall &#8211; Page 2 &#8211; Anything iTech Martha&#039;s Vineyard",,""
https://www.anythingitechmv.com/category/tech-talk-posts/,category-archive,200,"Tech Talk Posts &#8211; Anything iTech Martha&#039;s Vineyard",,""
https://www.anythingitechmv.com/category/uncategorized/,category-archive,200,"Uncategorized &#8211; Anything iTech Martha&#039;s Vineyard",,""
https://www.anythingitechmv.com/feed/,rss-feed,200,"Anything iTech Martha&#039;s Vineyard",,""
https://www.anythingitechmv.com/networking-services/,blog-post,404,"Page not found &#8211; Anything iTech Martha&#039;s Vineyard",,""